FID,Name,LH_MED,LH_1693,LH_1753,LH_1831,REACH_1831,LH_1851,REACH_1851,LH_1911,REACH_1911,Height,YearBuilt,POINT_X,POINT_Y
0,Balsey_Beacon,0,1,0,0,0,0,0,0,0,0,0,633483.01,238034.68
1,BlackRock,0,0,0,1,15,1,14,1,13,88,1830,330784.22,394720.35
2,Blacktail_Beacon,0,1,1,0,0,0,0,0,0,0,0,605171.17,192132.99
3,Caister,0,2,2,0,0,0,0,1,13,0,1873,651956.95,313965.36
4,Casquets,0,0,1,3,13,3,15,1,17,80,1723,371169.33,-20278.25
5,Corton,0,0,0,0,0,0,0,0,0,0,0,654333.55,297454.49
6,Cromer,1,1,1,1,22,1,22,2,23,274,1719,622900.96,341541.12
7,DerbyHaven,0,1,1,1,9,1,11,1,2,46,1650,228767.93,467678.12
8,Dudgeon_LV,0,0,1,1,10,1,10,1,10,33,1736,595675.01,376599.86
9,Dungeness,0,1,1,1,20,1,14,3,17,92,1722,608731.26,116958.86
10,Eddystone,0,0,1,1,13,1,13,2,17,72,1709,238100.09,34055.11
11,Farn,0,0,0,2,14,2,14,1,15,28,1776,421686.15,635804.00
12,Felixstowe_Beacon,0,1,0,0,0,0,0,4,0,0,1877,630350.02,234442.90
13,Flamborough,1,0,0,1,18,1,19,1,21,0,1806,525308.44,470658.95
14,Flatholm,0,0,1,1,17,1,17,1,18,156,1737,322149.82,164714.32
15,Hartlepool_Beacon,0,0,0,0,0,0,0,1,0,0,1855,451851.64,532980.76
16,HarwichGatehouse,0,2,2,0,0,0,0,0,0,0,0,623952.99,231189.44
17,Herne_Beacon,0,1,1,0,0,0,0,0,0,0,0,617595.89,168519.96
18,Hunstanton,1,1,1,1,14,1,13,1,16,85,1665,567516.95,342081.44
19,IlfracombeHarbour,1,1,1,1,15,1,15,2,5,100,1650,252371.56,146835.11
20,Lizard,0,0,0,2,20,2,20,1,21,224,1751,170367.15,11655.39
21,MilfordLightTower,0,0,1,2,19,0,0,0,0,159,1714,180627.58,202871.79
22,Naze_Beacon,0,1,1,0,0,0,0,0,0,0,0,626348.01,223560.08
23,Nore_LV,0,0,1,1,10,1,10,1,11,30,1732,594390.58,179813.86
24,North_Foreland,0,1,1,1,22,1,18,1,20,340,1790,639736.33,169669.53
25,Orfordness,1,2,2,2,22,1,12,2,15,0,1792,644853.34,248907.29
26,Portland,0,0,2,2,19,2,19,2,18,198,1716,367644.44,68424.98
27,Predmouth,0,0,0,0,0,0,0,0,0,0,0,209721.98,49822.58
28,RameHead,1,0,0,0,0,0,0,0,0,0,0,241735.26,48395.81
29,Rye_Beacon1,0,0,0,0,0,0,0,0,0,0,0,595050.97,117847.46
30,Rye_Beacon2,0,0,0,0,0,0,0,0,0,0,0,595230.87,118222.83
31,Salcombe,0,0,0,0,0,0,0,2,20,0,1836,272465.14,36518.17
32,SandowneBay_Beacon,0,1,1,0,0,0,0,0,0,0,0,458430.37,79748.47
33,Shoe_Beacon,0,1,1,0,0,0,0,0,0,0,0,607054.82,195255.68
34,Shotley_Beacon,0,1,0,0,0,0,0,2,0,0,1894,624711.00,233441.32
35,Skerries,0,0,1,1,20,1,15,2,17,100,1714,226703.99,394796.74
36,SouthForeland,0,2,2,2,20,1,25,1,26,41,1793,635786.65,143363.02
37,SpurnPoint,1,2,2,2,15,2,15,3,17,90,1776,540285.63,411258.46
38,StAgnes,0,1,1,1,17,1,16,1,18,138,1680,88060.38,8390.55
39,StBees,0,0,1,1,24,1,23,1,25,333,1718,294053.27,514396.98
40,Tynemouth,0,2,2,2,18,2,16,2,16,123,1808,436165.81,568443.81
41,TynemouthPrioryCastle,1,1,1,1,18,1,17,0,0,148,1802,437213.09,569405.85
42,WestBarbican,0,0,1,1,9,1,6,1,6,0,1822,247667.21,53680.74
43,Whitaker_Beacon,0,1,1,0,0,0,0,0,0,0,0,609161.66,198621.23
44,Whitehaven,0,0,2,2,10,2,11,0,0,47,1727,296712.12,518483.01
45,WinteronChurchLights,0,2,2,0,0,0,0,0,0,0,0,648998.71,319489.00
46,WintertonNess,0,2,2,1,20,1,14,1,16,52,1790,649565.10,319255.12
47,StMarysPeninnisHead,0,0,0,0,0,0,0,1,3,0,1898,91042.66,9456.85
48,RoundIsland,0,0,0,0,0,0,0,1,20,0,1887,90118.93,17787.08
49,SevenStones_LV,0,0,0,0,0,2,10,1,11,0,1841,105247.04,22993.21
50,Longships,0,0,0,1,14,1,14,1,16,36,1795,131900.51,25326.37
51,Wolf,0,0,0,0,0,0,0,1,16,0,1870,126953.32,12048.94
52,MouseholeHarbour,0,0,0,0,0,0,0,1,4,0,1896,146955.11,26356.70
53,Newlyn,0,0,0,0,0,0,0,2,7,0,1887,146693.58,28628.20
54,PenzancePier,0,0,0,1,9,1,9,1,0,22,1817,147703.55,30278.33
55,Portleven,0,0,0,0,0,0,0,1,6,0,1883,162614.38,25484.22
56,PortMellin,0,0,0,0,0,0,0,1,0,0,1895,166540.11,17924.80
57,StAnthony,0,0,0,0,0,1,12,2,14,0,1835,184518.56,31213.42
58,FalmouthEastBreakWater,0,0,0,0,0,0,0,1,3,0,1860,182208.16,32929.41
59,FalmouthWestBreakWater,0,0,0,0,0,0,0,1,3,0,1860,181914.79,33068.57
60,Mevagissey,0,0,0,0,0,0,0,1,10,0,1889,201772.59,44789.34
61,Fowey1,0,0,0,0,0,0,0,1,15,0,1905,211108.97,50538.56
62,Fowey2,0,0,0,0,0,0,0,1,8,0,1875,212290.43,51489.33
63,Polperro,0,0,0,0,0,0,0,1,0,0,1897,221039.88,50844.73
64,Looe,0,0,0,0,0,0,0,1,0,0,1899,225622.24,52892.77
65,PlymouthPenleePoint,0,0,0,0,0,0,0,1,13,0,1902,244163.51,48799.91
66,PlymouthBreakWater,0,0,0,0,0,0,0,1,0,0,0,246390.39,50585.02
67,PlymouthBreakwater_LV,0,0,0,2,5,1,9,1,11,13,1759,246389.02,50584.77
68,PlymouthMountBattonBreakwater,0,0,0,0,0,0,0,1,0,0,1879,248129.05,53287.51
69,PlymouthSuttonPool,0,0,0,0,0,0,0,1,0,0,1895,248270.92,53737.27
70,PlymouthMillBay,0,0,0,0,0,0,0,1,0,0,1880,246740.75,53986.11
71,MountWise,0,0,0,0,0,0,0,1,0,0,0,246080.70,53321.80
72,MuttonCove,0,0,0,0,0,0,0,1,0,0,1891,244786.77,56038.71
73,CremillShoal,0,0,0,0,0,0,0,1,0,0,1902,245540.62,53217.16
74,StartPoint,0,0,0,0,0,1,19,1,20,0,1836,282860.94,37183.45
75,Kingswear,0,0,0,0,0,0,0,1,11,0,1864,288335.56,50898.15
76,DartmouthHarbourRailway,0,0,0,0,0,0,0,1,0,0,0,288046.62,51113.80
77,CoastguardStation,0,0,0,0,0,0,0,1,0,0,1900,287830.33,51388.65
78,BerryHead,0,0,0,0,0,0,0,1,20,0,1906,294572.42,56640.60
79,Brixham,0,0,0,0,0,1,16,2,5,0,1839,292509.03,57331.97
80,Torquay,0,0,0,0,0,0,0,3,5,0,1852,291795.37,63117.78
81,Babbacombe,0,0,0,0,0,0,0,1,0,0,0,292978.75,65580.89
82,Teignmouth,0,0,0,0,0,1,9,1,6,0,1845,293780.36,72436.57
83,Dawlish,0,0,0,0,0,0,0,1,1,0,1881,296335.44,76598.10
84,Exmouth,0,0,0,0,0,0,0,2,8,0,1883,299289.04,80703.27
85,Sidmouth,0,0,0,0,0,0,0,1,8,0,0,312815.72,87344.54
86,Beer,0,0,0,0,0,0,0,1,0,0,1892,323196.80,89188.03
87,LymeRegis,0,0,0,0,0,0,0,2,4,0,1853,334326.67,92202.79
88,Bridport,0,0,0,0,0,0,0,2,0,0,1890,346124.17,90071.65
89,PortlandSouthShipChannel,0,0,0,0,0,0,0,2,2,0,1907,370230.86,74572.75
90,PortlandOuterBreakWater,0,0,0,0,0,1,6,1,0,0,1851,370710.28,76277.92
91,PortlandNorthEasternBreakWater,0,0,0,0,0,0,0,2,14,0,1905,369489.73,77336.17
92,PortlandNorthernArm,0,0,0,0,0,0,0,1,7,0,1905,369372.01,77551.78
93,PortlandCamber,1,0,0,0,0,0,0,1,0,0,1892,369681.71,74278.68
94,PortlandTorpedoPierWestSideHarbour,0,0,0,0,0,0,0,1,0,0,1892,367305.21,75635.33
95,Shambles_LV,0,0,0,0,0,0,0,1,11,0,1859,372787.32,67291.76
96,Weymouth,0,0,0,0,0,1,5,0,0,0,0,368768.08,79031.94
97,WeymouthNorthPier,0,0,0,0,0,0,0,1,0,0,1867,368410.63,79088.90
98,WeymouthBeach,0,0,0,0,0,0,0,2,0,0,1896,367989.52,79552.23
99,AlderneyHigh,0,0,0,0,0,0,0,1,9,0,1859,388165.69,-18935.14
100,AlderneyLow,0,0,0,0,0,0,0,1,0,0,1859,388181.94,-18885.59
101,PlatteFougere,0,0,0,0,0,0,0,1,12,0,1910,364881.36,-42739.16
102,StPeterPortNewHarbour,0,0,0,0,0,0,0,1,10,0,1867,361644.66,-49112.07
103,WhiteRockPier,0,0,0,0,0,1,11,2,4,0,1832,361845.66,-49146.94
104,OldHarbour,0,0,0,0,0,0,0,2,7,0,1832,361325.48,-49250.56
105,Belvedere,0,0,0,0,0,0,0,1,12,0,1888,362018.47,-49286.88
106,Hanois,0,0,0,0,0,1,0,1,16,0,1851,349080.89,-51405.22
107,StCatherineBay,0,0,0,0,0,0,0,1,11,0,1857,399229.97,-75301.21
108,MtOrgueilGorey,0,0,0,0,0,0,0,1,10,0,1898,398620.56,-77882.56
109,GoreyHill,0,0,0,0,0,0,0,1,8,0,1883,398375.73,-78123.70
110,LaGreveDazette,0,0,0,0,0,0,0,1,14,0,1896,393419.78,-80772.28
111,StClements,0,0,0,0,0,0,0,1,14,0,1896,395496.14,-81456.44
112,DemieDePas,0,0,0,0,0,0,0,1,6,0,1904,392525.99,-83329.47
113,StHellierSouthPier,0,0,0,0,0,1,2,0,0,0,1867,391662.25,-80418.53
114,StHellierAlbertPier,0,0,0,0,0,2,2,1,0,0,1839,391668.44,-80325.28
115,JerseyEsplanade,0,0,0,0,0,0,0,1,5,0,1858,391478.77,-79224.62
116,Hermitage,0,0,0,0,0,0,0,1,5,0,1892,390729.49,-80460.73
117,StAubinHarbour,0,0,0,0,0,0,0,1,0,0,0,387843.30,-79235.15
118,CorbiereRock,0,0,0,0,0,0,0,1,17,0,1874,381764.03,-79977.56
119,AnvilPoint,0,0,0,0,0,0,0,1,18,0,1881,402834.80,76976.84
120,SwanagePier,0,0,0,0,0,0,0,2,3,0,1896,403592.07,78907.94
121,Poole,0,0,0,0,0,2,6,3,6,0,1848,403717.23,87085.31
122,Bournmouth,0,0,0,0,0,0,0,1,0,0,1901,408860.21,90531.12
123,Boscombe,0,0,0,0,0,0,0,1,0,0,1905,411091.10,91038.17
124,Needles,0,0,0,3,28,1,27,1,14,469,1786,428848.45,84875.71
125,AlumBay,0,0,0,0,0,0,0,1,0,0,1888,430409.29,85645.16
126,TotlandBay,0,0,0,0,0,0,0,1,0,0,0,432079.02,87241.83
127,Hurst,0,0,0,2,12,2,12,2,14,92,1786,431746.32,89972.39
128,SouthYarmouthOuter,0,0,0,0,0,0,0,1,0,0,1857,435331.85,90056.28
129,SouthYarmouthInner,0,0,0,0,0,0,0,1,0,0,1857,435271.24,89893.20
130,SouthYarmouthPier,0,0,0,0,0,0,0,1,0,0,1876,435269.36,89890.18
131,LymingtonPier,0,0,0,0,0,0,0,1,0,0,0,433235.27,95388.57
132,LymingtonTown,0,0,0,0,0,0,0,1,0,0,0,432727.72,95737.73
133,EgyptPoint,0,0,0,0,0,0,0,1,10,0,1897,448423.07,96675.22
134,SouthamptonCalshotSpit_LV,0,0,0,0,0,1,9,1,0,0,1842,449501.85,101077.79
135,SouthamptonCalshot_LV,0,0,0,0,0,0,0,1,10,0,1842,452260.57,101569.56
136,SouthamptonDolphin,0,0,0,0,0,0,0,1,0,0,1899,447811.54,104681.18
137,SouthamptonSwDolphin,0,0,0,0,0,0,0,1,0,0,1899,447283.57,103763.64
138,SouthamptonNeDolphin,0,0,0,0,0,0,0,1,0,0,1899,448290.77,105233.49
139,SouthamptonStructure,0,0,0,0,0,0,0,1,0,0,1899,446699.26,103341.48
140,SouthamptonFawley,0,0,0,0,0,0,0,1,0,0,1896,447333.12,103495.10
141,SouthamptonBadnamCreek,0,0,0,0,0,0,0,1,0,0,1908,448404.04,108341.34
142,SouthamptonNetley,0,0,0,0,0,0,0,1,0,0,1877,445151.27,108584.94
143,SouthamptonHythe,0,0,0,0,0,0,0,1,0,0,1880,442671.79,108583.78
144,SouthamptonRoyalPier,0,0,0,0,0,2,0,2,0,0,1841,441576.75,110828.19
145,SouthamptonTown,0,0,0,0,0,0,0,1,0,0,1880,441810.46,110574.63
146,SouthamptonEmpressDock,0,0,0,0,0,0,0,2,0,0,1891,442708.73,110140.97
147,SouthamptonOpenDock,0,0,0,0,0,0,0,2,0,0,0,442104.88,110335.31
148,MarchwoodPier,0,0,0,0,0,0,0,1,0,0,0,440851.32,110769.86
149,LeeOnSolent,0,0,0,0,0,0,0,1,0,0,1890,456030.94,100515.77
150,Cowes,0,0,0,0,0,0,0,1,0,0,1901,449643.55,96674.12
151,Ryde,0,0,0,0,0,0,0,1,6,0,1852,459260.15,93690.91
152,StokesBay,0,0,0,0,0,0,0,1,0,0,1865,459930.14,98032.54
153,SpitSand,0,0,0,0,0,0,0,1,5,0,1866,463527.59,97223.31
154,SouthSea,0,0,0,0,0,1,9,2,5,0,1822,464268.91,98098.60
155,HorseSandNorthDolphin,0,0,0,0,0,0,0,1,2,0,1908,465438.19,94962.91
156,HorseSandSouthDolphin,0,0,0,0,0,0,0,1,2,0,1908,448128.43,102780.49
157,NomansLand,0,0,0,0,0,0,0,1,8,0,1866,463824.74,93786.86
158,SeaViewPier,0,0,0,0,0,0,0,1,0,0,1901,462821.11,91805.07
159,StHelens,0,0,0,0,0,0,0,1,2,0,1866,463055.30,88717.14
160,BradingEmbankment,0,0,0,0,0,0,0,2,0,0,1894,464110.64,89267.19
161,ClarenceEsplanadePier,0,0,0,0,0,0,0,1,0,0,1865,463290.69,98776.73
162,PortsmouthVictoriaPier,0,0,0,0,0,0,0,2,0,0,1865,462774.32,99378.21
163,OuterTownCamber,0,0,0,0,0,0,0,1,0,0,0,459063.36,105231.35
164,PortsmouthHarbourRailwayLanding,0,0,0,0,0,0,0,1,0,0,0,462787.14,100116.53
165,SouthRailwayJetty,0,0,0,0,0,0,0,1,0,0,1878,462814.47,99872.33
166,KingsStairs,0,0,0,0,0,0,0,1,0,0,1865,462606.04,100817.72
167,ClarenceVictuallingYard,0,0,0,0,0,0,0,1,0,0,1865,463392.10,98913.18
168,Gosport,0,0,0,0,0,0,0,1,0,0,1865,462293.64,100047.22
169,Warner_LV,0,0,0,0,0,0,0,1,10,0,1854,465623.93,92746.95
170,Nab_LV,0,0,0,2,8,1,0,1,11,0,1812,613810.26,92748.14
171,StCatherines,1,0,0,0,0,1,18,2,18,0,1840,449716.41,75398.15
172,Shanklin,0,0,0,0,0,0,0,1,0,0,1892,458787.82,81891.26
173,Ventnor,0,0,0,0,0,0,0,1,0,0,1887,456327.56,77300.13
174,Owers_LV,0,0,0,1,9,1,10,1,11,26,1788,589045.13,71448.77
175,SelseaBill,0,0,0,0,0,0,0,1,6,0,1909,485673.80,92291.49
176,Bognor,0,0,0,0,0,0,0,1,5,0,1891,493357.71,98754.44
177,LittlehamptonEastPier,0,0,0,0,0,1,7,2,7,0,1848,502729.36,101351.89
178,LittlehamptonWestPier,0,0,0,0,0,0,0,1,0,0,0,502812.08,100907.40
179,Worthing,0,0,0,0,0,0,0,1,0,0,1862,514915.91,102165.05
180,ShorehamEastWestPiers,0,0,0,0,0,0,0,2,10,0,1877,523437.94,104365.15
181,ShorehamMiddlePier,0,0,0,2,8,2,10,1,0,23,1825,523368.40,104801.79
182,BrightonMarinePalacePier,0,0,0,1,9,1,10,1,0,42,1824,531222.47,103420.01
183,BrightonWestPier,0,0,0,0,0,0,0,1,5,0,0,530173.07,103861.46
184,Rottingdean,0,0,0,0,0,0,0,1,0,0,1894,537131.54,102003.42
185,NewhavenEastPier,0,0,0,0,0,0,0,1,0,0,1862,545187.82,99937.71
186,NewhavenWestPier,0,0,0,2,8,2,8,1,0,23,1799,545104.62,99447.62
187,NewhavenBreakwater,0,0,0,0,0,0,0,1,12,0,1892,545119.49,99445.48
188,BeachyHead,0,0,0,1,23,1,22,1,16,285,1828,558159.14,95139.45
189,RoyalSovereign_LV,0,0,0,0,0,0,0,1,11,0,1875,572289.33,99190.16
190,Eastbourn,0,0,0,0,0,1,0,1,2,0,0,561873.36,98806.45
191,StLeonards,0,0,0,0,0,0,0,1,0,0,1891,579463.82,108753.44
192,HastingsWestHill,0,0,0,2,9,2,0,2,4,0,1827,582007.16,109572.06
193,HastingsWestBreakwater,0,0,0,0,0,0,0,1,0,0,1895,582511.99,109195.74
194,HastingsEastBreakwater,0,0,0,0,0,0,0,1,0,0,1895,582817.10,109301.08
195,HastingsPierHead,0,0,0,0,0,0,0,1,2,0,0,581100.87,108935.78
196,RyeEastPier,0,0,0,2,9,2,4,2,3,36,1787,595163.96,117851.38
197,RyeGroyne,0,0,0,0,0,0,0,1,0,0,1864,594763.81,118380.14
198,Varne_LV,0,0,0,0,0,0,0,1,11,0,1860,629237.13,129203.26
199,FolkestonePier,0,0,0,1,6,1,6,2,12,25,1810,623779.58,135654.42
200,FolkestoneHarbour,0,0,0,0,0,0,0,2,6,0,1848,623392.54,135958.25
201,FolkestoneVictoriaPier,0,0,0,0,0,0,0,1,0,0,1889,622003.06,135166.41
202,DoverAdmiraltyPier,0,0,0,0,0,1,2,1,14,0,1849,632905.25,140001.48
203,DoverSouthPierHead,0,0,0,2,12,2,12,1,0,0,1822,632066.83,140339.29
204,DoverNorthPier,0,0,0,0,0,1,0,1,3,0,1842,632227.17,140522.51
205,DoverGranvilleDock,0,0,0,0,0,0,0,1,0,0,1874,631755.47,140901.33
206,DoverPrinceWalesPier,0,0,0,0,0,0,0,1,12,0,1902,632550.10,140290.83
207,DoverDetachedMole,0,0,0,0,0,0,0,2,14,0,1909,633049.58,140200.37
208,DoverProminadePier,0,0,0,0,0,0,0,1,0,0,1893,632591.07,141211.27
209,DoverCastleJetty,0,0,0,0,0,0,0,1,0,0,0,632718.33,141555.85
210,Deal,0,0,0,0,0,0,0,1,0,0,0,637996.46,152759.37
211,SouthGoodwin_LV,0,0,0,0,0,1,10,1,11,0,1832,641510.80,144376.91
212,EastGoodwin_LV,0,0,0,0,0,0,0,1,11,0,1874,648827.08,151921.35
213,Gull_LV,0,0,0,2,7,2,7,1,10,14,1809,640597.03,158352.36
214,NorthGoodwin_LV,0,0,0,3,9,3,10,1,11,35,1793,650440.25,166322.52
215,Ramsgate,0,0,0,1,6,0,0,0,0,52,1789,638344.23,164351.66
216,RamsgateWestPierHead,0,0,0,0,0,1,6,1,7,0,0,638345.62,164353.17
217,RamsgateEastPierHead,0,0,0,0,0,0,0,1,5,0,1867,638415.15,164316.98
218,RamsgateProminadePier,0,0,0,0,0,0,0,1,0,0,1881,639102.58,165421.80
219,MargateStonePier,0,0,0,0,0,0,0,1,0,0,1829,635029.56,171266.77
220,MargatePromenadePier,0,0,0,1,13,1,10,1,0,85,1829,635000.76,171226.34
221,HerneBay,0,0,0,0,0,0,0,1,0,0,0,617188.23,168553.70
222,Whitstable,0,0,0,0,0,0,0,2,8,0,0,610572.52,167212.85
223,Tongue_LV,0,0,0,0,0,2,10,1,11,0,1848,630251.98,181313.02
224,PrincesChannel_LV,0,0,0,0,0,1,0,1,10,0,1856,628553.35,181722.01
225,Girdler_LV,0,0,0,0,0,1,10,1,10,0,1848,616370.61,180702.62
226,EdinburghChannel_LV,0,0,0,0,0,0,0,1,10,0,1889,626777.80,184526.04
227,Sheerness,0,0,0,0,0,0,0,2,8,0,1859,590837.12,175852.30
228,PortVictoria,0,0,0,0,0,0,0,1,0,0,0,589211.44,175579.26
229,QueensboroughSpit,0,0,0,0,0,0,0,1,0,0,0,590266.88,172318.48
230,Queensborough,0,0,0,0,0,0,0,1,5,0,1904,590336.80,172198.81
231,ChathamClockTower,0,0,0,0,0,0,0,1,3,0,1909,575825.26,169254.43
232,ChathamBullsNose,0,0,0,0,0,0,0,1,0,0,1909,575363.53,168163.66
233,ChathamSunPier,0,0,0,0,0,0,0,1,0,0,1904,575355.93,168175.98
234,Shoeburyness,0,0,0,0,0,0,0,1,0,0,1894,594125.67,184911.15
235,Southend,0,0,0,0,0,1,0,2,0,0,1840,588830.76,183133.80
236,SeaReach,0,0,0,0,0,1,0,1,11,0,1849,584208.61,185614.42
237,Mucking,0,0,0,0,0,1,0,1,11,0,1849,572713.34,181181.21
238,LowerHopePoint,0,0,0,0,0,0,0,1,0,0,0,571374.31,178872.41
239,ShorneMead,0,0,0,0,0,0,0,1,0,0,1901,570530.51,176700.06
240,TilburyNess,0,0,0,0,0,0,0,1,0,0,1892,562590.49,175296.96
241,Northfleet,0,0,0,0,0,0,0,1,6,0,1859,562412.03,174768.61
242,Broadness,0,0,0,0,0,0,0,1,0,0,1885,560462.65,176777.92
243,Stoneness,0,0,0,0,0,0,0,1,0,0,1885,558454.75,176128.11
244,Coldharbour,0,0,0,0,0,0,0,1,0,0,1895,551920.55,178870.30
245,Jenningtree,0,0,0,0,0,0,0,1,0,0,1901,550222.36,180642.28
246,Dagenham,0,0,0,0,0,0,0,1,0,0,0,549129.85,181659.03
247,Crossness,0,0,0,0,0,0,0,1,0,0,1895,547434.26,181511.90
248,LeatherBottle,0,0,0,0,0,0,0,1,0,0,0,549341.59,180833.97
249,Margaret,0,0,0,0,0,0,0,1,0,0,1902,545159.01,181030.71
250,Mouse_LV,0,0,0,0,0,1,10,1,11,0,1838,603969.34,183984.46
251,Barrow_LV,0,0,0,0,0,0,0,1,11,0,1908,617828.38,188212.30
252,Maplin_LV,0,0,0,0,0,1,10,2,11,0,1838,611396.53,189999.74
253,SwinMiddel_LV,0,0,0,0,0,1,10,1,10,0,1837,611845.48,198332.20
254,Tollesbury,0,0,0,0,0,0,0,1,0,0,1907,597159.56,208974.29
255,Gunfleet,0,0,0,0,0,0,0,1,11,0,1850,631573.22,214331.57
256,Gunfleet_LV,0,0,0,0,0,2,10,0,0,0,1850,631573.39,214327.86
257,Sunk_LV,0,0,0,1,10,1,10,1,11,30,1802,639078.67,215143.63
258,Longsand_LV,0,0,0,0,0,0,0,1,11,0,1883,647511.34,216509.43
259,KentishKnock_LV,0,0,0,0,0,2,10,1,11,0,1840,645609.13,191452.93
260,Galloper_LV,0,0,0,2,10,2,10,1,0,32,1803,652367.77,202793.03
261,ClactonOnSea,0,0,0,0,0,0,0,1,0,0,1878,617750.78,214277.79
262,WaltonOnNaze,0,0,0,0,0,0,0,1,1,0,1897,625506.93,221895.48
263,HarwichDovercourt,0,0,0,0,0,0,0,2,11,0,1863,625147.80,230868.38
264,HarwichLandguard,0,0,0,0,0,1,0,5,10,0,1848,628244.17,231966.79
265,Harwich,0,0,0,2,12,2,12,1,0,68,1818,625992.86,232484.63
266,Parkeston,0,0,0,0,0,0,0,1,0,0,1882,624055.48,232743.73
267,FelixstoweProminadePier,0,0,0,0,0,0,0,1,0,0,1905,629899.67,234167.36
268,WoodbridgeHaven,0,0,0,0,0,0,0,1,0,0,0,627204.73,248517.17
269,Cork_LV,0,0,0,0,0,1,10,1,10,0,1844,630313.13,231373.61
270,Shipwash_LV,0,0,0,0,0,1,10,1,11,0,1837,646605.15,246725.43
271,OuterGabbard_LV,0,0,0,0,0,0,0,1,11,0,1888,670614.29,237128.66
272,Pakefield,0,0,0,0,0,1,9,0,0,0,1832,653609.19,289668.90
273,Southwold,0,0,0,0,0,0,0,4,17,0,1881,650814.03,276330.56
274,LowestoftHarbour,0,0,0,0,0,0,0,4,0,0,1847,655065.31,292629.60
275,Stanford_LV,0,0,0,2,9,2,9,0,0,30,1802,656506.18,293651.05
276,Corton_LV,0,0,0,0,0,0,0,1,11,0,1862,659734.35,298340.69
277,StNicholas_LV,0,0,0,0,0,1,10,1,11,0,1837,658253.92,295999.36
278,CrossSand_LV,0,0,0,0,0,0,0,1,11,0,1886,664393.39,312234.12
279,GreatYarmouthGorleston,0,0,0,0,0,0,0,5,6,0,1852,652868.32,303739.78
280,GreatYarmouthWellington,0,0,0,0,0,0,0,1,0,0,1905,653158.76,306760.81
281,GreatYarmouthJetty,0,0,0,0,0,0,0,1,0,0,0,653086.24,307393.05
282,GreatYarmouthBritannia,0,0,0,0,0,0,0,1,9,0,1873,653248.84,307767.87
283,Cockle_LV,0,0,0,0,0,1,10,1,10,0,1843,652065.76,317782.67
284,Newarp_LV,0,0,0,3,9,3,10,1,11,37,1791,662035.97,324042.13
285,SmithsKnoll_LV,0,0,0,0,0,0,0,1,11,0,1886,678665.04,315997.38
286,Would_LV,0,0,0,0,0,0,0,1,11,0,1880,665366.18,332972.61
287,Haisborough,0,0,0,2,17,2,18,1,17,37,1790,638288.49,330667.94
288,Haisborough_LV,0,0,0,1,0,2,10,1,11,0,1831,641618.61,348308.11
289,LemanOwer_LV,0,0,0,0,0,2,10,1,11,0,1840,664724.80,361597.08
290,Sheringham,0,0,0,0,0,0,0,1,3,0,1900,615977.17,343514.34
291,LynnWell_LV,0,0,0,2,10,2,10,1,11,32,1828,562050.42,350597.20
292,RoaringMiddle_LV,0,0,0,0,0,0,0,1,11,0,1908,557855.73,341557.13
293,SuttonBridge,0,0,0,0,0,0,0,1,0,0,0,549170.25,325752.94
294,Wisbech,0,0,0,0,0,0,0,1,0,0,0,545542.93,310914.90
295,Clayhole_LV,0,0,0,0,0,0,0,1,0,0,1891,542446.23,341731.64
296,Boston,0,0,0,0,0,0,0,3,0,0,1868,539363.76,339106.13
297,Skegness,0,0,0,0,0,0,0,1,0,0,1881,557117.50,363439.21
298,InnerDowsing_LV,0,0,0,0,0,0,0,1,11,0,1873,578258.18,384565.67
299,OuterDowsing_LV,0,0,0,0,0,0,0,1,11,0,1861,599031.13,410841.09
300,Spurn_LV,0,0,0,1,9,1,10,1,11,90,1820,543318.55,409210.59
301,BullSand_LV,0,0,0,0,0,1,10,1,11,0,1832,538783.97,409383.38
302,Grimsby,0,0,0,0,0,0,0,1,0,0,1909,527801.89,411745.12
303,Middle_LV,0,0,0,0,0,0,0,1,7,0,1868,530972.14,413421.25
304,Stallingborough,0,0,0,0,0,1,0,1,0,0,1849,520703.68,415709.37
305,NewshamBooth,0,0,0,0,0,0,0,1,0,0,1880,505238.35,426215.15
306,Killingholme,0,0,0,0,0,2,11,3,12,0,1836,517720.46,418242.86
307,ThorngumbaldClough,0,0,0,0,0,0,0,2,0,0,0,519188.43,423256.58
308,SaltEnd,0,0,0,0,0,0,0,2,0,0,0,515636.75,427111.43
309,PaullCliffs,0,0,0,0,0,1,7,0,0,0,1836,517091.12,425000.87
310,Hebbles_LV,0,0,0,0,0,1,5,0,0,0,1870,515930.74,427486.75
311,Withernsea,0,0,0,0,0,0,0,1,17,0,1894,533817.38,427986.91
312,Bridlington,0,0,0,0,0,0,0,2,5,0,1852,518566.13,466571.60
313,Filey,0,0,0,0,0,0,0,1,1,0,1859,512902.15,481531.43
314,Scarborough,0,0,0,1,11,1,13,2,13,41,1806,504812.68,488574.58
315,WhitbyWestPier,0,0,0,0,0,1,13,2,10,0,1831,489803.92,511881.05
316,WhitbyEastPier,0,0,0,0,0,0,0,1,8,0,1855,489875.88,511882.47
317,Whitby,0,0,0,0,0,0,0,2,22,0,1858,492763.22,510116.65
318,Staithes,0,0,0,0,0,0,0,1,5,0,0,478329.59,519080.36
319,BranSands,0,0,0,0,0,1,0,0,0,0,0,456302.98,526953.62
320,CareSand_LV,0,0,0,0,0,1,0,0,0,0,0,454431.20,529986.37
321,SeatonCarew,0,0,0,0,0,2,0,0,0,0,0,452497.88,529865.63
322,SouthGareBreakwater,0,0,0,0,0,0,0,1,10,0,1839,455649.43,528398.02
323,TeesRiverFourthBuoy,0,0,0,0,0,0,0,1,0,0,1836,455023.65,529033.44
324,FifthBuoy,0,0,0,0,0,0,0,1,7,0,1839,454972.69,528277.38
325,SealSand,0,0,0,0,0,0,0,1,7,0,0,454010.69,525381.69
326,SeventhBuoy,0,0,0,0,0,0,0,1,0,0,1908,454747.88,527442.21
327,NinthBuoy,0,0,0,0,0,0,0,2,0,0,0,454386.38,526683.20
328,Eston,0,0,0,0,0,0,0,1,0,0,0,453013.47,522072.35
329,JackInTheBox,0,0,0,0,0,0,0,1,0,0,0,631486.77,234923.95
330,CargoFleet,0,0,0,0,0,0,0,1,0,0,0,451595.73,520800.53
331,Hartlepool_WestHarbour,0,0,0,0,0,2,0,1,0,0,0,451853.69,532976.22
332,Hartlepool_OldHarbour,0,0,0,0,0,1,7,0,0,0,1836,451909.27,532997.66
333,Hartlepool_DockEntrance,0,0,0,0,0,0,0,1,0,0,0,451702.09,533138.50
334,Hartlepool_CommissionersHarbour,0,0,0,0,0,0,0,1,7,0,1836,451612.74,533195.90
335,Heugh,0,0,0,0,0,2,15,2,15,0,1847,453089.67,533818.55
336,SeahamnNewSouthPier,0,0,0,0,0,1,0,1,5,0,1906,443562.26,549323.43
337,SeahamNorthPier,0,0,0,0,0,2,14,1,11,0,1843,443614.11,549421.30
338,SunderlandNEPier,0,0,0,2,20,2,13,1,0,73,1780,441498.25,558714.48
339,SunderlandOuterSouthPier,0,0,0,1,20,1,0,1,0,32,1794,441472.05,558456.41
340,RokerPier,0,0,0,0,0,0,0,1,15,0,1903,441496.25,558722.57
341,SunderlandInnerSouthPier,0,0,0,0,0,0,0,1,10,0,0,440916.78,558233.44
342,SunderlandInnerNorthPier,0,0,0,0,0,0,0,2,5,0,1802,441005.90,558427.31
343,SouterPoint,0,0,0,0,0,0,0,2,15,0,1871,440700.93,564176.41
344,TynemouthNorthPier,0,0,0,0,0,0,0,1,0,0,1864,438185.77,569047.89
345,HerdSand,0,0,0,0,0,0,0,1,7,0,1882,436824.31,568294.64
346,Cullercoats,0,0,0,0,0,0,0,2,0,0,1896,436451.25,571618.62
347,StMarys,1,0,0,0,0,0,0,1,17,0,1898,435150.81,575386.70
348,Blyth,0,0,0,1,10,2,11,2,15,52,1788,431916.51,581362.60
349,BlythEastPier,0,0,0,0,0,0,0,3,7,0,1884,432565.63,580347.50
350,BlythWestPier,0,0,0,0,0,0,0,2,0,0,1888,432738.17,580354.11
351,BlythSnook,0,0,0,0,0,0,0,2,0,0,0,432532.87,580213.29
352,Coquet,0,0,0,0,0,1,14,2,14,0,1841,429195.35,604526.61
353,WarkworthSouthPier,0,0,0,0,0,1,1,1,5,0,1848,427144.27,605047.35
354,WarkworthNorthPier,0,0,0,0,0,1,0,1,0,0,1891,427170.52,605161.91
355,Craster,0,0,0,0,0,0,0,2,5,0,1906,425792.48,620003.65
356,NorthSunderlandNWPier,0,0,0,0,0,0,0,2,5,0,1877,422128.63,632294.80
357,NorthSunderlandOldPier,0,0,0,0,0,0,0,1,4,0,1889,422008.10,632172.56
358,Bamburgh,0,0,0,0,0,0,0,1,12,0,1910,417371.30,635931.56
359,Longstone,0,0,0,1,13,1,13,1,14,74,1826,424492.52,638980.50
360,Berwick,0,0,0,2,12,2,11,2,12,55,1826,400993.38,652373.04
361,Solway_LV,0,0,0,0,0,1,6,1,16,0,1841,292724.38,540622.09
362,Skinburness,0,0,0,0,0,1,9,1,9,0,1841,312257.89,556058.51
363,LeeScar,0,0,0,0,0,1,6,1,10,0,1841,310285.32,553633.74
364,Silloth,0,0,0,0,0,0,0,1,0,0,1858,310404.83,553652.73
365,MaryportSouthWoodenPier,0,0,0,2,8,1,10,1,6,0,1796,303149.79,536717.85
366,CarlislePort,0,0,0,0,0,1,0,0,0,0,1841,324170.22,562418.45
367,MaryportNorhtPier,0,0,0,0,0,0,0,1,0,0,1884,302905.32,536888.94
368,MaryportSouhtPier,0,0,0,0,0,0,0,1,12,0,1834,302705.74,536917.38
369,MaryportSouthSide,0,0,0,0,0,0,0,1,3,0,1857,302782.62,536402.62
370,NorthTonguePier,0,0,0,0,0,0,0,1,3,0,1857,302893.71,536891.19
371,Workington,0,0,0,2,10,2,11,2,0,23,1825,298217.48,529678.41
372,HarringtonSouthPier,0,0,0,1,10,1,11,1,0,44,1797,298532.82,525310.32
373,HarringtonNorthPier,0,0,0,0,0,0,0,1,0,0,1903,298599.89,525348.67
374,HarringtonInnerPier,0,0,0,0,0,0,0,1,0,0,0,298749.02,525271.77
375,WhitehavenWestPier,0,0,0,0,0,0,0,1,11,0,1841,296616.61,518690.20
376,WhitehavenNorthPier,0,0,0,0,0,0,0,1,0,0,1841,296813.91,518692.18
377,WhitehavenOldQuay,0,0,0,0,0,0,0,1,0,0,1902,297067.47,518501.22
378,OldNorthWall,0,0,0,0,0,0,0,1,0,0,1902,297001.79,518506.27
379,PointOfAir,0,0,0,1,15,1,15,2,16,49,1818,246349.37,504849.50
380,PeelHarbourBreakwater,0,0,0,0,0,0,0,1,5,0,1865,224362.81,484723.50
381,PeelHarbourPier,0,0,0,1,5,1,8,1,3,21,1811,224183.35,484476.08
382,PortErin,0,0,0,0,0,0,0,1,0,0,0,219515.54,469182.40
383,CalfofMan,0,0,0,2,24,1,0,0,0,0,1811,219500.18,469443.18
384,ChickenRock,0,0,0,0,0,0,0,1,16,0,1875,214836.55,465562.21
385,PortLaMarieInnerPier,0,0,0,0,0,0,0,1,3,0,1884,221027.95,467667.21
386,StMaryPoint,0,0,0,1,5,1,9,1,9,25,1812,221363.16,467481.72
387,CastletownHarbour,0,0,0,1,5,1,8,1,5,22,1765,226678.32,467290.31
388,Langness,0,0,0,0,0,0,0,1,14,0,1880,228218.20,465305.94
389,DouglasHarbour,0,0,0,0,0,0,0,0,0,0,0,238827.19,475229.73
390,DouglasHead,0,0,0,0,0,1,0,1,14,0,1832,238945.38,474763.47
391,DouglasBayBatteryPier,0,0,0,0,0,0,0,1,6,0,1872,238943.69,475112.08
392,DouglasVictoriaPier,0,0,0,0,0,1,10,1,3,0,1796,238829.23,475232.22
393,RedInnerPier,0,0,0,0,0,0,0,1,6,0,0,238596.83,475146.03
394,Laxey,0,0,0,0,0,0,0,1,6,0,1891,244336.31,483604.10
395,MaugholdHead,0,0,0,0,0,0,0,1,0,0,0,249718.95,491377.23
396,RamseyHarbourSouthPier,0,0,0,1,9,1,10,1,4,35,1800,245559.03,494635.77
397,RamseyHarbourNorthPier,0,0,0,0,0,0,0,1,9,0,1868,245559.67,494699.11
398,RamsayQueensPier,0,0,0,0,0,0,0,2,0,0,1882,246142.47,494253.26
399,BahamaBank_LV,0,0,0,0,0,2,10,1,11,0,1848,255958.05,494746.79
400,WhitestoneBank_LV,0,0,0,0,0,0,0,1,0,0,1906,249628.62,502991.89
401,Selker_LV,0,0,0,0,0,0,0,1,11,0,1883,293986.43,485504.33
402,Hodbarrow,0,0,0,0,0,0,0,1,12,0,1905,317910.59,478319.42
403,Walney,0,0,0,1,15,2,13,1,13,70,1790,322932.67,462066.69
404,HawsPoint,0,0,0,0,0,0,0,1,0,0,1909,340706.36,461617.41
405,PielHarbour1,0,0,0,0,0,0,0,1,0,0,1883,323080.04,464917.11
406,PielHarbour3,0,0,0,0,0,0,0,1,0,0,0,321509.91,465865.73
407,PielHarbour5,0,0,0,0,0,0,0,1,0,0,0,319467.44,466381.21
408,BarrowChannel,0,0,0,0,0,0,0,2,13,0,1902,323408.91,462517.46
409,MorecambeBay_LV,0,0,0,0,0,0,0,1,11,0,1863,314476.59,445862.94
410,Lune_LV,0,0,0,0,0,0,0,1,10,0,1909,325454.55,447458.76
411,Heysham,0,0,0,0,0,0,0,4,5,0,1904,339549.35,460125.16
412,LuneRiver,0,0,0,0,0,2,9,4,7,0,1847,342112.88,454153.39
413,WyreRiver,0,0,0,0,0,1,10,1,10,0,1840,332328.06,449671.36
414,BlackScar,0,0,0,0,0,0,0,1,2,0,1898,341223.37,457188.61
415,Fleetwood,0,0,0,0,0,2,13,3,13,0,1841,333849.81,448298.57
416,BlackpoolNorthPier,0,0,0,0,0,0,0,1,0,0,1899,330104.98,436419.10
417,BlackpoolCentralPier,0,0,0,0,0,0,0,1,0,0,1899,330189.74,435482.31
418,BlackpoolVictoriaPier,0,0,0,0,0,0,0,1,0,0,1890,330136.03,433791.75
419,StAnnsOnSea,0,0,0,0,0,2,13,1,12,0,1848,333126.40,427488.77
420,NorthTrainingWall,0,0,0,0,0,0,0,1,0,0,1909,337434.87,425927.47
421,SouthTrainingWall,0,0,0,0,0,0,0,1,0,0,1910,336022.56,426124.32
422,Lytham,0,0,0,0,0,1,10,1,0,0,0,336646.03,426687.74
423,Southport,0,0,0,0,0,0,0,1,0,0,1890,332488.38,418183.11
424,LiverpoolNW_LV,0,0,0,3,9,3,10,1,10,36,1814,302080.87,405148.32
425,LiverpoolBar_LV,0,0,0,0,0,0,0,1,10,0,1873,315884.15,403105.43
426,LiverpoolFormby_LV,0,0,0,0,0,1,8,1,8,0,1834,321029.87,403970.48
427,LiverpoolCrosby_LV,0,0,0,0,0,1,13,1,10,0,1839,326803.35,402404.24
428,LiverpoolBidston,0,0,0,1,20,1,23,1,21,300,1771,328575.80,389930.65
429,Leasowe,0,0,0,1,16,1,15,0,0,118,1763,325774.77,391330.16
430,Crosby,0,0,0,0,0,1,0,0,0,0,1839,329293.58,402664.75
431,Hoylake,0,0,0,2,10,2,13,0,0,56,1763,321326.91,389073.89
432,LiverpoolNorthWall,0,0,0,0,0,0,0,1,13,0,1877,333183.12,395351.84
433,LiverpoolSalisburyDock,0,0,0,0,0,0,0,1,0,0,1898,333209.42,392081.39
434,LiverpoolPrincesDock,0,0,0,0,0,0,0,2,0,0,1897,333404.62,390895.81
435,LiverpoolGeorges,0,0,0,0,0,0,0,2,0,0,0,333883.08,389885.81
436,HarringtonDock,0,0,0,0,0,0,0,2,0,0,1893,335102.42,387481.82
437,BrunswickDock,0,0,0,0,0,0,0,1,0,0,1908,334630.78,388428.96
438,MerseyRiverHerculaneumDock,0,0,0,0,0,0,0,2,0,0,1893,335505.41,387315.01
439,MerseyRiverHerculaneumDockWall,0,0,0,0,0,0,0,1,0,0,1887,335496.40,387190.08
440,DinglePoint,0,0,0,0,0,0,0,1,0,0,1907,335561.55,387025.32
441,Garston,0,0,0,0,0,0,0,2,0,0,1895,339607.00,383826.92
442,Bridgewater,0,0,0,0,0,0,0,1,0,0,0,350545.58,383402.05
443,Runcorn,0,0,0,0,0,0,0,1,0,0,0,352221.44,383357.10
444,HaleHead,0,0,0,0,0,0,0,1,0,0,1907,347106.74,380943.64
445,WithinsWay,0,0,0,0,0,0,0,1,0,0,1907,331702.79,392839.16
446,Speke,0,0,0,0,0,0,0,1,0,0,1876,343100.70,381564.81
447,DungeonPoint,0,0,0,0,0,0,0,1,0,0,1876,344242.17,381511.80
448,DittonBrook,0,0,0,0,0,0,0,1,0,0,1876,349508.59,383937.37
449,PovertyNook,0,0,0,0,0,0,0,1,0,0,1910,332637.43,396525.66
450,Eastham,0,0,0,0,0,0,0,1,0,0,0,336661.82,381351.70
451,Rhyl,0,0,0,0,0,0,0,1,0,0,0,299605.01,381035.93
452,ColwynBay,0,0,0,0,0,0,0,2,0,0,1895,285249.91,379364.88
453,Llandudno,0,0,0,0,0,0,0,1,0,0,1877,278488.03,383216.08
454,GreatOrmesHead,0,0,0,0,0,0,0,1,24,0,1862,275586.41,384487.02
455,Conway,0,0,0,0,0,0,0,1,0,0,1904,278120.63,377795.20
456,Menai,0,0,0,0,0,1,10,1,13,0,1837,255446.40,371808.53
457,Beaumaris,0,0,0,0,0,0,0,1,0,0,1865,260599.24,375861.00
458,MountField,0,0,0,0,0,0,0,1,0,0,1896,260186.23,372552.02
459,Penrhyn,0,0,0,0,0,0,0,1,0,0,0,259096.39,373139.08
460,GarthPoint,0,0,0,0,0,0,0,1,3,0,1896,255782.40,372061.84
461,MenaiBridge,0,0,0,0,0,0,0,1,0,0,1902,255581.60,371514.57
462,Lynus,0,0,0,2,12,1,16,1,16,80,1779,247872.14,393515.88
463,AmlwchPort,0,0,0,1,8,1,9,1,9,26,1817,245523.23,393722.07
464,HolyheadBreakwater,0,0,0,1,10,1,0,1,0,44,1820,225616.16,384780.96
465,HolyheadOldHarbour,0,0,0,0,0,0,0,1,0,0,1864,225468.77,382959.38
466,HolyheadOldPier,0,0,0,0,0,1,11,1,0,0,1820,225410.24,382745.50
467,InnerEndMailJetty,0,0,0,0,0,0,0,1,0,0,1898,225394.64,383292.15
468,HolyheadInnerHarbour,0,0,0,0,0,0,0,1,0,0,1866,225160.20,382775.62
469,HolyheadNewHarbour,0,0,0,0,0,0,0,1,0,0,1903,223983.24,383560.11
470,NorthStack,0,0,0,0,0,0,0,1,0,0,1909,221422.28,383996.03
471,SouthStack,0,0,0,1,19,1,19,1,20,201,1809,220149.80,382291.54
472,CarnarvonBay_LV,0,0,0,0,0,0,0,1,11,0,1879,219951.08,357930.31
473,LlanddwynIsland,0,0,0,0,0,1,5,1,5,0,1845,238434.00,362535.77
474,Carnarven,0,0,0,0,0,0,0,3,0,0,1858,247886.94,363386.63
475,PortTrevor,0,0,0,0,0,0,0,1,2,0,1878,237507.57,347475.93
476,Bardsey,0,0,0,1,17,1,17,1,17,141,1821,211055.81,320627.64
477,StTudwall,0,0,0,0,0,0,0,1,18,0,1877,233419.47,325227.09
478,Pwllheli,0,0,0,0,0,0,0,1,0,0,1907,238811.87,334779.44
479,Barmouth,0,0,0,0,0,0,0,1,0,0,1847,261408.25,315220.95
480,Aberdovey,0,0,0,0,0,0,0,1,0,0,0,260904.23,295847.79
481,AberystwithHarbour,0,0,0,2,0,2,0,1,0,0,1864,257750.58,281656.00
482,NewQuay,0,0,0,0,0,0,0,1,0,0,0,180958.33,62640.95
483,FishguardBay,0,0,0,0,0,0,0,1,12,0,1906,196190.86,239116.58
484,StrumbleHead,0,0,0,0,0,0,0,1,18,0,1908,189172.28,241320.13
485,SouthBishop,0,0,0,0,0,1,17,1,18,0,1839,165055.69,222670.92
486,Smalls,0,0,0,1,15,1,13,2,17,70,1778,146567.82,208928.01
487,StAnns,1,0,0,0,0,2,19,1,18,0,1714,180500.54,203008.07
488,GreatCastleHead,0,0,0,0,0,0,0,2,16,0,1870,184638.56,206043.07
489,Milford,0,0,0,0,0,0,0,2,1,0,0,190149.21,205624.97
490,CastlePill,0,0,0,0,0,0,0,1,1,0,0,191279.01,205426.92
491,NewtonNoyes,0,0,0,0,0,0,0,1,1,0,0,191758.91,204957.16
492,MilfordHazelBeach,0,0,0,0,0,0,0,2,3,0,1883,194681.64,204786.67
493,MilfordChurchLake,0,0,0,0,0,0,0,2,3,0,1883,195994.55,205259.84
494,MilfordNeylandPoint_LV,0,0,0,0,0,0,0,1,2,0,1868,181321.84,197063.32
495,MilfordHmDockyard,0,0,0,0,0,0,0,1,3,0,1862,195935.61,203720.28
496,St_Goven_LV,0,0,0,0,0,0,0,1,11,0,1907,197091.34,190590.75
497,CaldyIsland,0,0,0,1,20,1,19,1,20,210,1829,214246.12,195987.47
498,Tenby,0,0,0,0,0,0,0,3,3,0,1856,213699.23,200578.16
499,Saundersfoot,0,0,0,0,0,1,0,1,1,0,0,213793.04,204712.19
500,WhitefordPoint,0,0,0,0,0,0,0,1,9,0,1865,244517.16,197150.28
501,Llanelly,0,0,0,0,0,1,0,1,7,0,1850,249958.77,198623.13
502,PembreyHarbour,0,0,0,1,3,1,9,0,0,27,1819,242083.24,198962.83
503,BurryPort,0,0,0,0,0,0,0,2,9,0,0,244380.02,200021.13
504,Helwick_LV,0,0,0,0,0,1,10,1,11,0,1846,243253.79,178122.11
505,Mumbles,0,0,0,1,15,1,15,1,15,56,1798,263398.49,187224.77
506,SwanseaWestPier,0,0,0,1,3,1,9,1,7,28,1803,266577.16,191543.43
507,SwanseaEastBreakWater,0,0,0,0,0,0,0,1,0,0,1909,266452.70,191760.46
508,OldEastPier,0,0,0,0,0,0,0,1,0,0,0,266701.18,191833.13
509,NeathTrainingWall,0,0,0,0,0,0,0,2,0,0,0,271782.26,192637.21
510,NeathEmbarkment,0,0,0,0,0,0,0,1,0,0,0,270973.12,191681.66
511,BritonFerryBasin,0,0,0,0,0,0,0,1,0,0,0,273608.82,193774.74
512,BritonFerryDock,0,0,0,0,0,0,0,1,0,0,0,273210.91,193552.22
513,PortTalbot,0,0,0,0,0,0,0,4,9,0,1895,274763.97,188665.36
514,ScarWeather_LV,0,0,0,0,0,0,0,1,11,0,1862,265673.81,174162.03
515,Porthcawl,0,0,0,0,0,0,0,1,7,0,1866,281968.28,176323.23
516,Nash,0,0,0,0,0,2,18,2,19,0,1832,292038.32,168064.92
517,Breaksea_LV,0,0,0,0,0,0,0,1,11,0,1866,320946.50,171571.89
518,BarryWestBreakWater,0,0,0,0,0,0,0,1,0,0,1890,312431.50,166593.90
519,BarryEastBreakWater,0,0,0,0,0,0,0,1,0,0,1890,312546.40,166667.68
520,LadyWindsor_Lock,0,0,0,0,0,0,0,1,0,0,0,312263.84,166916.23
521,BarryDockBasinEntrance,0,0,0,0,0,0,0,1,0,0,0,312300.90,167023.82
522,YorkRockBreakwater,0,0,0,0,0,0,0,1,0,0,1895,310540.47,166461.66
523,Monkstone,0,0,0,0,0,0,0,1,6,0,1859,323512.82,169074.79
524,ButeWestDockBasin,0,0,0,0,0,0,0,1,0,0,1866,319058.27,174741.69
525,ChannelGravingDock,0,0,0,0,0,0,0,1,0,0,1908,319355.80,173986.30
526,CardiffLowWaterPier,0,0,0,0,0,1,10,1,10,0,1821,319147.18,173507.78
527,QueenAlexandraDock,0,0,0,0,0,0,0,1,10,0,1898,319374.74,173497.83
528,Penarth,0,0,0,0,0,0,0,1,3,0,1894,319013.00,171349.80
529,WestUsk,0,0,0,0,0,0,0,1,12,0,1821,331024.33,182933.15
530,Usk,0,0,0,1,10,0,0,1,0,39,1821,332188.91,181820.59
531,EastUsk,0,0,0,0,0,0,0,1,11,0,1893,334601.95,182421.31
532,Fifootspoint,0,0,0,0,0,0,0,1,4,0,1894,332909.15,184278.44
533,PowderMagazinePoint,0,0,0,0,0,0,0,1,4,0,1894,332736.35,184794.57
534,AlexandraDock,0,0,0,0,0,0,0,1,0,0,0,332214.71,185270.87
535,EnglishWelshGrounds_LV,0,0,0,0,0,1,10,1,11,0,1838,329986.44,170950.54
536,NewPassage,0,0,0,0,0,0,0,1,0,0,1868,350902.19,179684.86
537,RoyalEdwardDock,0,0,0,0,0,0,0,4,12,0,1907,350595.22,178730.19
538,Avon,0,0,0,0,0,1,13,0,0,0,1840,350441.60,178792.18
539,AvonRriver,0,0,0,0,0,0,0,2,0,0,1880,349411.09,178491.39
540,DumballIsland,0,0,0,0,0,0,0,2,12,0,1897,350417.70,178959.46
541,Avon7,0,0,0,0,0,0,0,1,0,0,1903,350678.57,177700.11
542,AvonPill,0,0,0,0,0,0,0,1,0,0,1903,352527.82,176135.10
543,AvonHungRoad,0,0,0,0,0,0,0,1,0,0,1903,353193.31,175930.53
544,AvonChapelPill,0,0,0,0,0,0,0,1,0,0,1903,353603.36,176203.91
545,AvonHorseshoe,0,0,0,0,0,0,0,1,0,0,1903,353848.46,176791.21
546,AvonHorseshoe2,0,0,0,0,0,0,0,1,0,0,1903,354118.92,176779.42
547,AvonSeamillsNorth,0,0,0,0,0,0,0,1,0,0,1903,354568.18,176287.84
548,AvonSeamills,0,0,0,0,0,0,0,1,0,0,1903,354826.86,175893.40
549,Avon12,0,0,0,0,0,0,0,1,0,0,1905,354804.07,175227.68
550,Avon19,0,0,0,0,0,0,0,1,0,0,1903,355231.57,175010.82
551,LeighWood,0,0,0,0,0,0,0,1,0,0,1903,356217.71,173271.37
552,Avon20,0,0,0,0,0,0,0,1,0,0,1903,356047.44,174552.52
553,Portishead,0,0,0,0,0,0,0,1,0,0,0,347632.87,177643.84
554,Blacknore,0,0,0,0,0,0,0,1,11,0,1894,344476.26,176553.77
555,Clevedon,0,0,0,0,0,0,0,1,7,0,1869,339871.48,172050.39
556,WestonSuperMare,0,0,0,0,0,0,0,1,0,0,1903,331277.66,161477.52
557,Burnham,0,0,0,1,0,2,16,2,15,0,1815,329806.01,150444.37
558,WatchetHabour,0,0,0,0,0,0,0,1,10,0,1903,307152.13,143667.47
559,Minehead,1,0,0,0,0,0,0,2,4,0,0,297152.73,147133.03
560,LynemouthForeland,0,0,0,0,0,0,0,1,21,0,1900,275309.79,151157.68
561,BullPoint,0,0,0,0,0,0,0,2,18,0,1879,246229.82,146791.00
562,Bideford,0,0,0,2,14,2,14,3,14,300,1820,245555.18,132717.78
563,Lundy,0,0,0,2,30,2,30,1,19,542,1820,212993.44,148189.95
564,LundySouth,0,0,0,0,0,0,0,1,20,0,1897,214325.92,143719.48
565,Clovelly,0,0,0,0,0,0,0,1,0,0,0,231802.63,124947.78
566,HartlandPoint,1,0,0,0,0,0,0,1,17,0,1874,222914.33,127828.79
567,Padstow,0,0,0,0,0,0,0,2,0,0,1868,193073.86,75728.97
568,Trevose,0,0,0,0,0,2,19,1,20,0,1847,185006.88,76623.07
569,Portreath,0,0,0,0,0,0,0,1,0,0,0,165428.85,45537.18
570,Godrevy,0,0,0,0,0,0,0,2,17,0,1859,157591.70,43647.99
571,Hayle,0,0,0,0,0,2,6,2,6,0,1840,154829.50,37997.99
572,StIvesInnerPier,1,0,0,0,0,1,7,1,0,0,1831,151832.66,40638.50
573,StIvesWestPier,0,0,0,0,0,0,0,1,0,0,1894,151983.42,40686.37
574,Pendeen,0,0,0,0,0,0,0,1,20,0,1900,137829.81,35960.20
575,Blakeney,1,0,0,0,0,0,0,0,0,0,0,603163.14,343630.11
576,GreatYarmouth,1,0,0,0,0,0,0,0,0,0,0,652315.54,308079.27
577,StMargaretsBay,1,0,0,0,0,0,0,0,0,0,0,636648.16,144300.28
578,Dover,1,0,0,0,0,0,0,0,0,0,0,632478.45,141907.00
579,Winchelsea,1,0,0,0,0,0,0,0,0,0,0,590382.80,117413.48
580,Fairlight,1,0,0,0,0,0,0,0,0,0,0,587555.78,111720.59
581,StAdhelms,1,0,0,0,0,0,0,0,0,0,0,367137.09,81242.04
582,Dartmouth,1,0,0,0,0,0,0,0,0,0,0,287671.52,51393.58
583,StCatherinesPlymouth,1,0,0,0,0,0,0,0,0,0,0,247629.26,54272.85
584,StNicholasPlymouth,1,0,0,0,0,0,0,0,0,0,0,246998.54,54921.69
585,ChapelAnjou,1,0,0,0,0,0,0,0,0,0,0,152373.33,39955.44
586,StMichaelsMount,1,0,0,0,0,0,0,0,0,0,0,151381.34,29909.15
587,ChapelCarnBrea,1,0,0,0,0,0,0,0,0,0,0,138536.87,28155.62
588,StNicholasChapel,1,0,0,0,0,0,0,0,0,0,0,151893.80,41214.62
589,Unnamed1_Beacon,0,0,1,0,0,0,0,1,0,0,1865,637993.76,152748.33
590,HorseSand,0,0,0,0,0,0,0,1,0,0,1866,465434.57,94913.83
591,Lowestoft,0,2,2,2,16,1,18,2,17,119,1609,655446.45,293704.34
592,Lynn,0,0,0,0,0,0,0,2,5,0,1868,558687.78,326261.80
593,TynemouthSouthPier,0,0,0,0,0,0,0,1,7,0,1882,438259.46,568739.42
594,Morecambe,0,0,0,0,0,0,0,3,8,0,1851,342449.57,464777.95
595,Lynmouth,0,0,0,0,0,0,0,1,10,0,1890,275309.54,151171.29
596,BishopRock,0,0,0,0,0,1,0,1,18,134,1851,80644.14,6512.64
597,PointAyr,0,0,0,2,11,1,10,0,0,0,1776,312286.24,385072.30
598,BirkenheadWallasay,0,0,0,0,0,0,0,3,0,0,0,332547.44,390863.07
599,BirkenheadWoodsideFerry,0,0,0,0,0,0,0,6,0,0,0,332977.33,389284.12
600,BirkenheadNewFerry,0,0,0,0,0,0,0,1,0,0,0,333811.50,386133.89
601,BirkenheadRockFerry,0,0,0,0,0,0,0,1,0,0,0,333827.53,386894.56
602,AyrePoint,0,0,0,1,15,1,10,2,16,0,1811,332967.78,388457.21
